<?xml version="1.0" encoding="UTF-8"?>
<project-private xmlns="http://www.netbeans.org/ns/project-private/1">
    <editor-bookmarks xmlns="http://www.netbeans.org/ns/editor-bookmarks/2" lastBookmarkId="0"/>
    <open-files xmlns="http://www.netbeans.org/ns/projectui-open-files/2">
        <group>
            <file>file:/C:/Users/franck.tempet/Documents/NetBeansProjects/TicTacToeCodingame/src/tictactoecodingame/JoueurHumain.java</file>
            <file>file:/C:/Users/franck.tempet/Documents/NetBeansProjects/TicTacToeCodingame/src/tictactoecodingame/CoupTicTacToe9x9.java</file>
            <file>file:/C:/Users/franck.tempet/Documents/NetBeansProjects/TicTacToeCodingame/src/tictactoecodingame/Piece.java</file>
            <file>file:/C:/Users/franck.tempet/Documents/NetBeansProjects/TicTacToeCodingame/src/tictactoecodingame/AlgoRecherche.java</file>
            <file>file:/C:/Users/franck.tempet/Documents/NetBeansProjects/TicTacToeCodingame/src/tictactoecodingame/Jeton.java</file>
            <file>file:/C:/Users/franck.tempet/Documents/NetBeansProjects/TicTacToeCodingame/src/tictactoecodingame/Player.java</file>
            <file>file:/C:/Users/franck.tempet/Documents/NetBeansProjects/TicTacToeCodingame/src/tictactoecodingame/Plateau.java</file>
            <file>file:/C:/Users/franck.tempet/Documents/NetBeansProjects/TicTacToeCodingame/src/tictactoecodingame/Arbitre.java</file>
            <file>file:/C:/Users/franck.tempet/Documents/NetBeansProjects/TicTacToeCodingame/src/tictactoecodingame/AlgoRechercheAleatoire.java</file>
            <file>file:/C:/Users/franck.tempet/Documents/NetBeansProjects/TicTacToeCodingame/src/tictactoecodingame/Coup.java</file>
            <file>file:/C:/Users/franck.tempet/Documents/NetBeansProjects/TicTacToeCodingame/src/tictactoecodingame/JoueurOrdi.java</file>
            <file>file:/C:/Users/franck.tempet/Documents/NetBeansProjects/TicTacToeCodingame/src/tictactoecodingame/Joueur.java</file>
            <file>file:/C:/Users/franck.tempet/Documents/NetBeansProjects/TicTacToeCodingame/src/tictactoecodingame/Case.java</file>
            <file>file:/C:/Users/franck.tempet/Documents/NetBeansProjects/TicTacToeCodingame/src/tictactoecodingame/GrilleTicTacToe9x9.java</file>
        </group>
    </open-files>
</project-private>
